deck_name;opponent;win_rate;record;total_games
Dragapult Dusknoir;Alakazam Dudunsparce;62,65;634 - 378 - 22;1034
Dragapult Dusknoir;Charizard Noctowl;60,57;831 - 541 - 30;1402
Dragapult Dusknoir;Flareon Noctowl;60,47;182 - 119 - 5;306
Dragapult Dusknoir;Mega Venusaur;58,22;216 - 155 - 9;380
Dragapult Dusknoir;Charizard Pidgeot;56,79;569 - 433 - 20;1022
Dragapult Dusknoir;Greninja;56,74;219 - 167 - 5;391
Dragapult Dusknoir;Lopunny Dusknoir;55,7;308 - 245 - 3;556
Dragapult Dusknoir;Sharpedo Toxtricity;51,32;156 - 148 - 2;306
Dragapult Dusknoir;Ceruledge;51,04;294 - 282 - 9;585
Dragapult Dusknoir;Raging Bolt Ogerpon;50,97;342 - 329 - 15;686
Dragapult Dusknoir;Dragapult Charizard;50,73;279 - 271 - 8;558
Dragapult Dusknoir;Tera Box;50,61;207 - 202 - 8;417
Dragapult Dusknoir;Dragapult Dusknoir;50,0;1519 - 1519 - 68;3106
Dragapult Dusknoir;N's Zoroark;49,27;404 - 416 - 22;842
Dragapult Dusknoir;Gardevoir Jellicent;46,42;544 - 628 - 31;1203
Dragapult Dusknoir;Gholdengo Lunatone;45,46;1086 - 1303 - 52;2441
Dragapult Dusknoir;Grimmsnarl Froslass;45,4;479 - 576 - 24;1079
Dragapult Dusknoir;Kangaskhan Bouffalant;44,42;366 - 458 - 26;850
Dragapult Dusknoir;Mega Absol Box;44,09;414 - 525 - 27;966
Dragapult Dusknoir;Gardevoir;40,89;341 - 493 - 16;850
Gholdengo Lunatone;Sharpedo Toxtricity;68,22;176 - 82 - 1;259
Gholdengo Lunatone;Lopunny Dusknoir;64,84;332 - 180 - 7;519
Gholdengo Lunatone;Mega Venusaur;60,45;162 - 106 - 6;274
Gholdengo Lunatone;N's Zoroark;59,16;410 - 283 - 21;714
Gholdengo Lunatone;Dragapult Dusknoir;54,54;1303 - 1086 - 52;2441
Gholdengo Lunatone;Mega Absol Box;54,24;429 - 362 - 22;813
Gholdengo Lunatone;Greninja;54,04;147 - 125 - 9;281
Gholdengo Lunatone;Raging Bolt Ogerpon;53,89;291 - 249 - 11;551
Gholdengo Lunatone;Kangaskhan Bouffalant;53,69;415 - 358 - 18;791
Gholdengo Lunatone;Charizard Pidgeot;53,11;478 - 422 - 15;915
Gholdengo Lunatone;Grimmsnarl Froslass;52,56;401 - 362 - 22;785
Gholdengo Lunatone;Tera Box;51,4;184 - 174 - 7;365
Gholdengo Lunatone;Gardevoir;50,86;326 - 315 - 32;673
Gholdengo Lunatone;Gardevoir Jellicent;50,46;546 - 536 - 66;1148
Gholdengo Lunatone;Gholdengo Lunatone;50,0;1106 - 1106 - 40;2252
Gholdengo Lunatone;Dragapult Charizard;47,96;200 - 217 - 6;423
Gholdengo Lunatone;Charizard Noctowl;47,34;570 - 634 - 23;1227
Gholdengo Lunatone;Flareon Noctowl;45,63;115 - 137 - 10;262
Gholdengo Lunatone;Ceruledge;42,2;203 - 278 - 6;487
Gholdengo Lunatone;Alakazam Dudunsparce;38,45;338 - 541 - 12;891
Gardevoir Jellicent;Mega Venusaur;66,18;90 - 46 - 3;139
Gardevoir Jellicent;Greninja;63,27;93 - 54 - 1;148
Gardevoir Jellicent;Flareon Noctowl;62,12;82 - 50 - 3;135
Gardevoir Jellicent;Raging Bolt Ogerpon;62,02;178 - 109 - 5;292
Gardevoir Jellicent;Tera Box;54,55;102 - 85 - 3;190
Gardevoir Jellicent;Ceruledge;54,09;139 - 118 - 7;264
Gardevoir Jellicent;Alakazam Dudunsparce;53,96;245 - 209 - 17;471
Gardevoir Jellicent;Dragapult Dusknoir;53,58;628 - 544 - 31;1203
Gardevoir Jellicent;Dragapult Charizard;52,31;102 - 93 - 8;203
Gardevoir Jellicent;Gardevoir;50,56;180 - 176 - 13;369
Gardevoir Jellicent;Gardevoir Jellicent;50,0;287 - 287 - 26;600
Gardevoir Jellicent;Gholdengo Lunatone;49,54;536 - 546 - 66;1148
Gardevoir Jellicent;Lopunny Dusknoir;47,52;134 - 148 - 0;282
Gardevoir Jellicent;Sharpedo Toxtricity;43,87;68 - 87 - 4;159
Gardevoir Jellicent;Kangaskhan Bouffalant;43,3;168 - 220 - 21;409
Gardevoir Jellicent;Charizard Pidgeot;43,12;207 - 273 - 27;507
Gardevoir Jellicent;Mega Absol Box;41,59;178 - 250 - 17;445
Gardevoir Jellicent;Grimmsnarl Froslass;40,49;166 - 244 - 9;419
Gardevoir Jellicent;Charizard Noctowl;39,28;240 - 371 - 10;621
Gardevoir Jellicent;N's Zoroark;37,32;131 - 220 - 11;362
Charizard Noctowl;Sharpedo Toxtricity;63,72;72 - 41 - 2;115
Charizard Noctowl;Ceruledge;62,18;171 - 104 - 3;278
Charizard Noctowl;Alakazam Dudunsparce;62,16;299 - 182 - 10;491
Charizard Noctowl;Gardevoir Jellicent;60,72;371 - 240 - 10;621
Charizard Noctowl;Gardevoir;60,48;202 - 132 - 9;343
Charizard Noctowl;Lopunny Dusknoir;58,58;181 - 128 - 3;312
Charizard Noctowl;Tera Box;57,98;109 - 79 - 2;190
Charizard Noctowl;Charizard Pidgeot;57,95;255 - 185 - 12;452
Charizard Noctowl;Flareon Noctowl;57,94;73 - 53 - 2;128
Charizard Noctowl;Mega Venusaur;52,76;86 - 77 - 2;165
Charizard Noctowl;Gholdengo Lunatone;52,66;634 - 570 - 23;1227
Charizard Noctowl;Raging Bolt Ogerpon;52,6;152 - 137 - 4;293
Charizard Noctowl;Mega Absol Box;50,53;191 - 187 - 8;386
Charizard Noctowl;Charizard Noctowl;50,0;351 - 351 - 26;728
Charizard Noctowl;N's Zoroark;49,85;171 - 172 - 10;353
Charizard Noctowl;Greninja;47,77;75 - 82 - 3;160
Charizard Noctowl;Grimmsnarl Froslass;47,43;212 - 235 - 11;458
Charizard Noctowl;Kangaskhan Bouffalant;45,56;200 - 239 - 13;452
Charizard Noctowl;Dragapult Charizard;43,05;96 - 127 - 2;225
Charizard Noctowl;Dragapult Dusknoir;39,43;541 - 831 - 30;1402
Charizard Pidgeot;Flareon Noctowl;61,34;73 - 46 - 4;123
Charizard Pidgeot;Gardevoir;57,94;186 - 135 - 11;332
Charizard Pidgeot;Gardevoir Jellicent;56,88;273 - 207 - 27;507
Charizard Pidgeot;Mega Venusaur;55,12;70 - 57 - 2;129
Charizard Pidgeot;Mega Absol Box;54,76;213 - 176 - 17;406
Charizard Pidgeot;Raging Bolt Ogerpon;53,51;122 - 106 - 4;232
Charizard Pidgeot;N's Zoroark;53,33;168 - 147 - 10;325
Charizard Pidgeot;Lopunny Dusknoir;52,75;144 - 129 - 11;284
Charizard Pidgeot;Greninja;52,43;54 - 49 - 1;104
Charizard Pidgeot;Ceruledge;52,1;124 - 114 - 6;244
Charizard Pidgeot;Sharpedo Toxtricity;51,08;71 - 68 - 7;146
Charizard Pidgeot;Tera Box;50,26;98 - 97 - 5;200
Charizard Pidgeot;Charizard Pidgeot;50,0;203 - 203 - 10;416
Charizard Pidgeot;Gholdengo Lunatone;46,89;422 - 478 - 15;915
Charizard Pidgeot;Alakazam Dudunsparce;46,7;170 - 194 - 3;367
Charizard Pidgeot;Kangaskhan Bouffalant;44,55;139 - 173 - 10;322
Charizard Pidgeot;Dragapult Dusknoir;43,21;433 - 569 - 20;1022
Charizard Pidgeot;Charizard Noctowl;42,05;185 - 255 - 12;452
Charizard Pidgeot;Grimmsnarl Froslass;36,47;120 - 209 - 5;334
Charizard Pidgeot;Dragapult Charizard;33,13;54 - 109 - 6;169
Alakazam Dudunsparce;Ceruledge;74,07;160 - 56 - 2;218
Alakazam Dudunsparce;Kangaskhan Bouffalant;71,11;256 - 104 - 5;365
Alakazam Dudunsparce;Sharpedo Toxtricity;63,03;75 - 44 - 2;121
Alakazam Dudunsparce;Gholdengo Lunatone;61,55;541 - 338 - 12;891
Alakazam Dudunsparce;Raging Bolt Ogerpon;60,19;130 - 86 - 5;221
Alakazam Dudunsparce;Mega Venusaur;59,57;84 - 57 - 2;143
Alakazam Dudunsparce;Tera Box;57,72;86 - 63 - 3;152
Alakazam Dudunsparce;Flareon Noctowl;55,38;72 - 58 - 5;135
Alakazam Dudunsparce;Lopunny Dusknoir;53,54;106 - 92 - 1;199
Alakazam Dudunsparce;Charizard Pidgeot;53,3;194 - 170 - 3;367
Alakazam Dudunsparce;Mega Absol Box;51,76;176 - 164 - 10;350
Alakazam Dudunsparce;Greninja;50,44;57 - 56 - 3;116
Alakazam Dudunsparce;Alakazam Dudunsparce;50,0;193 - 193 - 6;392
Alakazam Dudunsparce;Gardevoir Jellicent;46,04;209 - 245 - 17;471
Alakazam Dudunsparce;N's Zoroark;45,94;130 - 153 - 5;288
Alakazam Dudunsparce;Charizard Noctowl;37,84;182 - 299 - 10;491
Alakazam Dudunsparce;Grimmsnarl Froslass;37,53;155 - 258 - 9;422
Alakazam Dudunsparce;Dragapult Dusknoir;37,35;378 - 634 - 22;1034
Alakazam Dudunsparce;Gardevoir;36,97;105 - 179 - 10;294
Alakazam Dudunsparce;Dragapult Charizard;35,45;67 - 122 - 6;195
Mega Absol Box;Gardevoir Jellicent;58,41;250 - 178 - 17;445
Mega Absol Box;Grimmsnarl Froslass;57,81;185 - 135 - 6;326
Mega Absol Box;Dragapult Dusknoir;55,91;525 - 414 - 27;966
Mega Absol Box;Gardevoir;54,7;163 - 135 - 7;305
Mega Absol Box;Flareon Noctowl;52,48;53 - 48 - 5;106
Mega Absol Box;Mega Absol Box;50,0;189 - 189 - 16;394
Mega Absol Box;Ceruledge;50,0;119 - 119 - 9;247
Mega Absol Box;Tera Box;50,0;84 - 84 - 2;170
Mega Absol Box;Charizard Noctowl;49,47;187 - 191 - 8;386
Mega Absol Box;Kangaskhan Bouffalant;49,19;151 - 156 - 15;322
Mega Absol Box;Dragapult Charizard;49,18;90 - 93 - 5;188
Mega Absol Box;Alakazam Dudunsparce;48,24;164 - 176 - 10;350
Mega Absol Box;N's Zoroark;47,46;131 - 145 - 12;288
Mega Absol Box;Gholdengo Lunatone;45,76;362 - 429 - 22;813
Mega Absol Box;Charizard Pidgeot;45,24;176 - 213 - 17;406
Mega Absol Box;Lopunny Dusknoir;44,69;101 - 125 - 1;227
Mega Absol Box;Sharpedo Toxtricity;44,68;42 - 52 - 1;95
Mega Absol Box;Greninja;41,9;44 - 61 - 1;106
Mega Absol Box;Mega Venusaur;39,42;41 - 63 - 1;105
Mega Absol Box;Raging Bolt Ogerpon;37,24;89 - 150 - 8;247
Grimmsnarl Froslass;Charizard Pidgeot;63,53;209 - 120 - 5;334
Grimmsnarl Froslass;Alakazam Dudunsparce;62,47;258 - 155 - 9;422
Grimmsnarl Froslass;Gardevoir Jellicent;59,51;244 - 166 - 9;419
Grimmsnarl Froslass;Gardevoir;58,94;155 - 108 - 10;273
Grimmsnarl Froslass;Dragapult Charizard;57,21;119 - 89 - 7;215
Grimmsnarl Froslass;Ceruledge;55,3;120 - 97 - 6;223
Grimmsnarl Froslass;Dragapult Dusknoir;54,6;576 - 479 - 24;1079
Grimmsnarl Froslass;Lopunny Dusknoir;54,07;93 - 79 - 2;174
Grimmsnarl Froslass;N's Zoroark;53,11;145 - 128 - 8;281
Grimmsnarl Froslass;Charizard Noctowl;52,57;235 - 212 - 11;458
Grimmsnarl Froslass;Grimmsnarl Froslass;50,0;194 - 194 - 28;416
Grimmsnarl Froslass;Gholdengo Lunatone;47,44;362 - 401 - 22;785
Grimmsnarl Froslass;Sharpedo Toxtricity;47,19;42 - 47 - 2;91
Grimmsnarl Froslass;Tera Box;44,8;56 - 69 - 5;130
Grimmsnarl Froslass;Greninja;42,48;48 - 65 - 1;114
Grimmsnarl Froslass;Mega Absol Box;42,19;135 - 185 - 6;326
Grimmsnarl Froslass;Flareon Noctowl;41,74;48 - 67 - 2;117
Grimmsnarl Froslass;Raging Bolt Ogerpon;41,63;92 - 129 - 4;225
Grimmsnarl Froslass;Kangaskhan Bouffalant;41,2;110 - 157 - 4;271
Grimmsnarl Froslass;Mega Venusaur;37,29;44 - 74 - 4;122
N's Zoroark;Gardevoir Jellicent;62,68;220 - 131 - 11;362
N's Zoroark;Tera Box;55,64;74 - 59 - 2;135
N's Zoroark;Flareon Noctowl;55,06;49 - 40 - 4;93
N's Zoroark;Alakazam Dudunsparce;54,06;153 - 130 - 5;288
N's Zoroark;Mega Absol Box;52,54;145 - 131 - 12;288
N's Zoroark;Gardevoir;50,76;133 - 129 - 10;272
N's Zoroark;Dragapult Dusknoir;50,73;416 - 404 - 22;842
N's Zoroark;Charizard Noctowl;50,15;172 - 171 - 10;353
N's Zoroark;N's Zoroark;50,0;154 - 154 - 10;318
N's Zoroark;Greninja;48,57;51 - 54 - 1;106
N's Zoroark;Kangaskhan Bouffalant;47,5;133 - 147 - 5;285
N's Zoroark;Grimmsnarl Froslass;46,89;128 - 145 - 8;281
N's Zoroark;Charizard Pidgeot;46,67;147 - 168 - 10;325
N's Zoroark;Lopunny Dusknoir;46,54;74 - 85 - 2;161
N's Zoroark;Dragapult Charizard;42,0;63 - 87 - 3;153
N's Zoroark;Ceruledge;41,57;69 - 97 - 3;169
N's Zoroark;Gholdengo Lunatone;40,84;283 - 410 - 21;714
N's Zoroark;Sharpedo Toxtricity;38,04;35 - 57 - 1;93
N's Zoroark;Raging Bolt Ogerpon;36,87;66 - 113 - 5;184
N's Zoroark;Mega Venusaur;31,97;39 - 83 - 0;122
Kangaskhan Bouffalant;Tera Box;71,83;102 - 40 - 2;144
Kangaskhan Bouffalant;Flareon Noctowl;61,46;59 - 37 - 1;97
Kangaskhan Bouffalant;Grimmsnarl Froslass;58,8;157 - 110 - 4;271
Kangaskhan Bouffalant;Sharpedo Toxtricity;57,0;57 - 43 - 2;102
Kangaskhan Bouffalant;Gardevoir Jellicent;56,7;220 - 168 - 21;409
Kangaskhan Bouffalant;Dragapult Charizard;55,63;79 - 63 - 3;145
Kangaskhan Bouffalant;Dragapult Dusknoir;55,58;458 - 366 - 26;850
Kangaskhan Bouffalant;Charizard Pidgeot;55,45;173 - 139 - 10;322
Kangaskhan Bouffalant;Charizard Noctowl;54,44;239 - 200 - 13;452
Kangaskhan Bouffalant;Ceruledge;53,66;110 - 95 - 4;209
Kangaskhan Bouffalant;Gardevoir;52,71;136 - 122 - 6;264
Kangaskhan Bouffalant;N's Zoroark;52,5;147 - 133 - 5;285
Kangaskhan Bouffalant;Mega Absol Box;50,81;156 - 151 - 15;322
Kangaskhan Bouffalant;Kangaskhan Bouffalant;50,0;143 - 143 - 16;302
Kangaskhan Bouffalant;Lopunny Dusknoir;49,29;104 - 107 - 2;213
Kangaskhan Bouffalant;Gholdengo Lunatone;46,31;358 - 415 - 18;791
Kangaskhan Bouffalant;Mega Venusaur;42,57;43 - 58 - 3;104
Kangaskhan Bouffalant;Greninja;41,51;44 - 62 - 1;107
Kangaskhan Bouffalant;Raging Bolt Ogerpon;37,74;80 - 132 - 2;214
Kangaskhan Bouffalant;Alakazam Dudunsparce;28,89;104 - 256 - 5;365
Gardevoir;Greninja;67,21;82 - 40 - 3;125
Gardevoir;Alakazam Dudunsparce;63,03;179 - 105 - 10;294
Gardevoir;Mega Venusaur;59,7;40 - 27 - 4;71
Gardevoir;Dragapult Dusknoir;59,11;493 - 341 - 16;850
Gardevoir;Raging Bolt Ogerpon;57,06;97 - 73 - 8;178
Gardevoir;Tera Box;52,43;54 - 49 - 0;103
Gardevoir;Ceruledge;52,29;80 - 73 - 3;156
Gardevoir;Lopunny Dusknoir;52,2;83 - 76 - 1;160
Gardevoir;Sharpedo Toxtricity;51,52;51 - 48 - 1;100
Gardevoir;Flareon Noctowl;50,56;45 - 44 - 2;91
Gardevoir;Gardevoir;50,0;126 - 126 - 22;274
Gardevoir;Gardevoir Jellicent;49,44;176 - 180 - 13;369
Gardevoir;N's Zoroark;49,24;129 - 133 - 10;272
Gardevoir;Gholdengo Lunatone;49,14;315 - 326 - 32;673
Gardevoir;Kangaskhan Bouffalant;47,29;122 - 136 - 6;264
Gardevoir;Dragapult Charizard;46,1;71 - 83 - 1;155
Gardevoir;Mega Absol Box;45,3;135 - 163 - 7;305
Gardevoir;Charizard Pidgeot;42,06;135 - 186 - 11;332
Gardevoir;Grimmsnarl Froslass;41,06;108 - 155 - 10;273
Gardevoir;Charizard Noctowl;39,52;132 - 202 - 9;343
Lopunny Dusknoir;Flareon Noctowl;67,21;41 - 20 - 2;63
Lopunny Dusknoir;Mega Venusaur;65,71;46 - 24 - 0;70
Lopunny Dusknoir;Sharpedo Toxtricity;56,1;46 - 36 - 0;82
Lopunny Dusknoir;Mega Absol Box;55,31;125 - 101 - 1;227
Lopunny Dusknoir;N's Zoroark;53,46;85 - 74 - 2;161
Lopunny Dusknoir;Gardevoir Jellicent;52,48;148 - 134 - 0;282
Lopunny Dusknoir;Kangaskhan Bouffalant;50,71;107 - 104 - 2;213
Lopunny Dusknoir;Lopunny Dusknoir;50,0;90 - 90 - 6;186
Lopunny Dusknoir;Tera Box;48,89;44 - 46 - 2;92
Lopunny Dusknoir;Gardevoir;47,8;76 - 83 - 1;160
Lopunny Dusknoir;Charizard Pidgeot;47,25;129 - 144 - 11;284
Lopunny Dusknoir;Alakazam Dudunsparce;46,46;92 - 106 - 1;199
Lopunny Dusknoir;Grimmsnarl Froslass;45,93;79 - 93 - 2;174
Lopunny Dusknoir;Dragapult Dusknoir;44,3;245 - 308 - 3;556
Lopunny Dusknoir;Dragapult Charizard;43,88;43 - 55 - 1;99
Lopunny Dusknoir;Ceruledge;42,65;58 - 78 - 0;136
Lopunny Dusknoir;Charizard Noctowl;41,42;128 - 181 - 3;312
Lopunny Dusknoir;Raging Bolt Ogerpon;41,28;45 - 64 - 0;109
Lopunny Dusknoir;Greninja;38,16;29 - 47 - 0;76
Lopunny Dusknoir;Gholdengo Lunatone;35,16;180 - 332 - 7;519
Raging Bolt Ogerpon;Sharpedo Toxtricity;78,46;51 - 14 - 1;66
Raging Bolt Ogerpon;N's Zoroark;63,13;113 - 66 - 5;184
Raging Bolt Ogerpon;Mega Absol Box;62,76;150 - 89 - 8;247
Raging Bolt Ogerpon;Kangaskhan Bouffalant;62,26;132 - 80 - 2;214
Raging Bolt Ogerpon;Mega Venusaur;61,54;48 - 30 - 1;79
Raging Bolt Ogerpon;Lopunny Dusknoir;58,72;64 - 45 - 0;109
Raging Bolt Ogerpon;Grimmsnarl Froslass;58,37;129 - 92 - 4;225
Raging Bolt Ogerpon;Greninja;53,68;51 - 44 - 2;97
Raging Bolt Ogerpon;Dragapult Charizard;52,46;64 - 58 - 3;125
Raging Bolt Ogerpon;Flareon Noctowl;50,79;32 - 31 - 1;64
Raging Bolt Ogerpon;Tera Box;50,56;45 - 44 - 3;92
Raging Bolt Ogerpon;Raging Bolt Ogerpon;50,0;86 - 86 - 4;176
Raging Bolt Ogerpon;Dragapult Dusknoir;49,03;329 - 342 - 15;686
Raging Bolt Ogerpon;Charizard Noctowl;47,4;137 - 152 - 4;293
Raging Bolt Ogerpon;Charizard Pidgeot;46,49;106 - 122 - 4;232
Raging Bolt Ogerpon;Gholdengo Lunatone;46,11;249 - 291 - 11;551
Raging Bolt Ogerpon;Gardevoir;42,94;73 - 97 - 8;178
Raging Bolt Ogerpon;Ceruledge;40,6;54 - 79 - 2;135
Raging Bolt Ogerpon;Alakazam Dudunsparce;39,81;86 - 130 - 5;221
Raging Bolt Ogerpon;Gardevoir Jellicent;37,98;109 - 178 - 5;292
Ceruledge;Mega Venusaur;75,64;59 - 19 - 2;80
Ceruledge;Raging Bolt Ogerpon;59,4;79 - 54 - 2;135
Ceruledge;N's Zoroark;58,43;97 - 69 - 3;169
Ceruledge;Gholdengo Lunatone;57,8;278 - 203 - 6;487
Ceruledge;Lopunny Dusknoir;57,35;78 - 58 - 0;136
Ceruledge;Sharpedo Toxtricity;51,79;29 - 27 - 0;56
Ceruledge;Greninja;50,77;33 - 32 - 3;68
Ceruledge;Mega Absol Box;50,0;119 - 119 - 9;247
Ceruledge;Ceruledge;50,0;59 - 59 - 2;120
Ceruledge;Dragapult Dusknoir;48,96;282 - 294 - 9;585
Ceruledge;Charizard Pidgeot;47,9;114 - 124 - 6;244
Ceruledge;Gardevoir;47,71;73 - 80 - 3;156
Ceruledge;Kangaskhan Bouffalant;46,34;95 - 110 - 4;209
Ceruledge;Tera Box;46,07;41 - 48 - 0;89
Ceruledge;Gardevoir Jellicent;45,91;118 - 139 - 7;264
Ceruledge;Flareon Noctowl;45,0;36 - 44 - 1;81
Ceruledge;Grimmsnarl Froslass;44,7;97 - 120 - 6;223
Ceruledge;Dragapult Charizard;39,05;41 - 64 - 2;107
Ceruledge;Charizard Noctowl;37,82;104 - 171 - 3;278
Ceruledge;Alakazam Dudunsparce;25,93;56 - 160 - 2;218
Dragapult Charizard;Flareon Noctowl;72,6;53 - 20 - 0;73
Dragapult Charizard;Charizard Pidgeot;66,87;109 - 54 - 6;169
Dragapult Charizard;Alakazam Dudunsparce;64,55;122 - 67 - 6;195
Dragapult Charizard;Ceruledge;60,95;64 - 41 - 2;107
Dragapult Charizard;Sharpedo Toxtricity;60,94;39 - 25 - 2;66
Dragapult Charizard;N's Zoroark;58,0;87 - 63 - 3;153
Dragapult Charizard;Charizard Noctowl;56,95;127 - 96 - 2;225
Dragapult Charizard;Lopunny Dusknoir;56,12;55 - 43 - 1;99
Dragapult Charizard;Greninja;55,26;42 - 34 - 0;76
Dragapult Charizard;Mega Venusaur;54,72;29 - 24 - 2;55
Dragapult Charizard;Gardevoir;53,9;83 - 71 - 1;155
Dragapult Charizard;Gholdengo Lunatone;52,04;217 - 200 - 6;423
Dragapult Charizard;Tera Box;50,91;28 - 27 - 2;57
Dragapult Charizard;Mega Absol Box;50,82;93 - 90 - 5;188
Dragapult Charizard;Dragapult Charizard;50,0;57 - 57 - 2;116
Dragapult Charizard;Dragapult Dusknoir;49,27;271 - 279 - 8;558
Dragapult Charizard;Gardevoir Jellicent;47,69;93 - 102 - 8;203
Dragapult Charizard;Raging Bolt Ogerpon;47,54;58 - 64 - 3;125
Dragapult Charizard;Kangaskhan Bouffalant;44,37;63 - 79 - 3;145
Dragapult Charizard;Grimmsnarl Froslass;42,79;89 - 119 - 7;215
Tera Box;Sharpedo Toxtricity;63,33;38 - 22 - 1;61
Tera Box;Greninja;61,54;24 - 15 - 1;40
Tera Box;Grimmsnarl Froslass;55,2;69 - 56 - 5;130
Tera Box;Ceruledge;53,93;48 - 41 - 0;89
Tera Box;Flareon Noctowl;52,17;24 - 22 - 0;46
Tera Box;Lopunny Dusknoir;51,11;46 - 44 - 2;92
Tera Box;Mega Absol Box;50,0;84 - 84 - 2;170
Tera Box;Tera Box;50,0;37 - 37 - 0;74
Tera Box;Charizard Pidgeot;49,74;97 - 98 - 5;200
Tera Box;Raging Bolt Ogerpon;49,44;44 - 45 - 3;92
Tera Box;Dragapult Dusknoir;49,39;202 - 207 - 8;417
Tera Box;Dragapult Charizard;49,09;27 - 28 - 2;57
Tera Box;Gholdengo Lunatone;48,6;174 - 184 - 7;365
Tera Box;Mega Venusaur;48,0;24 - 26 - 0;50
Tera Box;Gardevoir;47,57;49 - 54 - 0;103
Tera Box;Gardevoir Jellicent;45,45;85 - 102 - 3;190
Tera Box;N's Zoroark;44,36;59 - 74 - 2;135
Tera Box;Alakazam Dudunsparce;42,28;63 - 86 - 3;152
Tera Box;Charizard Noctowl;42,02;79 - 109 - 2;190
Tera Box;Kangaskhan Bouffalant;28,17;40 - 102 - 2;144
Sharpedo Toxtricity;N's Zoroark;61,96;57 - 35 - 1;93
Sharpedo Toxtricity;Flareon Noctowl;57,89;33 - 24 - 3;60
Sharpedo Toxtricity;Gardevoir Jellicent;56,13;87 - 68 - 4;159
Sharpedo Toxtricity;Mega Absol Box;55,32;52 - 42 - 1;95
Sharpedo Toxtricity;Grimmsnarl Froslass;52,81;47 - 42 - 2;91
Sharpedo Toxtricity;Sharpedo Toxtricity;50,0;27 - 27 - 2;56
Sharpedo Toxtricity;Greninja;50,0;17 - 17 - 0;34
Sharpedo Toxtricity;Charizard Pidgeot;48,92;68 - 71 - 7;146
Sharpedo Toxtricity;Dragapult Dusknoir;48,68;148 - 156 - 2;306
Sharpedo Toxtricity;Gardevoir;48,48;48 - 51 - 1;100
Sharpedo Toxtricity;Ceruledge;48,21;27 - 29 - 0;56
Sharpedo Toxtricity;Lopunny Dusknoir;43,9;36 - 46 - 0;82
Sharpedo Toxtricity;Kangaskhan Bouffalant;43,0;43 - 57 - 2;102
Sharpedo Toxtricity;Dragapult Charizard;39,06;25 - 39 - 2;66
Sharpedo Toxtricity;Alakazam Dudunsparce;36,97;44 - 75 - 2;121
Sharpedo Toxtricity;Tera Box;36,67;22 - 38 - 1;61
Sharpedo Toxtricity;Charizard Noctowl;36,28;41 - 72 - 2;115
Sharpedo Toxtricity;Gholdengo Lunatone;31,78;82 - 176 - 1;259
Sharpedo Toxtricity;Mega Venusaur;31,11;14 - 31 - 0;45
Sharpedo Toxtricity;Raging Bolt Ogerpon;21,54;14 - 51 - 1;66
Flareon Noctowl;Mega Venusaur;68,29;28 - 13 - 0;41
Flareon Noctowl;Grimmsnarl Froslass;58,26;67 - 48 - 2;117
Flareon Noctowl;Ceruledge;55,0;44 - 36 - 1;81
Flareon Noctowl;Gholdengo Lunatone;54,37;137 - 115 - 10;262
Flareon Noctowl;Greninja;54,29;19 - 16 - 0;35
Flareon Noctowl;Flareon Noctowl;50,0;31 - 31 - 4;66
Flareon Noctowl;Gardevoir;49,44;44 - 45 - 2;91
Flareon Noctowl;Raging Bolt Ogerpon;49,21;31 - 32 - 1;64
Flareon Noctowl;Tera Box;47,83;22 - 24 - 0;46
Flareon Noctowl;Mega Absol Box;47,52;48 - 53 - 5;106
Flareon Noctowl;N's Zoroark;44,94;40 - 49 - 4;93
Flareon Noctowl;Alakazam Dudunsparce;44,62;58 - 72 - 5;135
Flareon Noctowl;Sharpedo Toxtricity;42,11;24 - 33 - 3;60
Flareon Noctowl;Charizard Noctowl;42,06;53 - 73 - 2;128
Flareon Noctowl;Dragapult Dusknoir;39,53;119 - 182 - 5;306
Flareon Noctowl;Charizard Pidgeot;38,66;46 - 73 - 4;123
Flareon Noctowl;Kangaskhan Bouffalant;38,54;37 - 59 - 1;97
Flareon Noctowl;Gardevoir Jellicent;37,88;50 - 82 - 3;135
Flareon Noctowl;Lopunny Dusknoir;32,79;20 - 41 - 2;63
Flareon Noctowl;Dragapult Charizard;27,4;20 - 53 - 0;73
Greninja;Lopunny Dusknoir;61,84;47 - 29 - 0;76
Greninja;Kangaskhan Bouffalant;58,49;62 - 44 - 1;107
Greninja;Mega Absol Box;58,1;61 - 44 - 1;106
Greninja;Grimmsnarl Froslass;57,52;65 - 48 - 1;114
Greninja;Mega Venusaur;52,63;20 - 18 - 0;38
Greninja;Charizard Noctowl;52,23;82 - 75 - 3;160
Greninja;N's Zoroark;51,43;54 - 51 - 1;106
Greninja;Greninja;50,0;26 - 26 - 4;56
Greninja;Sharpedo Toxtricity;50,0;17 - 17 - 0;34
Greninja;Alakazam Dudunsparce;49,56;56 - 57 - 3;116
Greninja;Ceruledge;49,23;32 - 33 - 3;68
Greninja;Charizard Pidgeot;47,57;49 - 54 - 1;104
Greninja;Raging Bolt Ogerpon;46,32;44 - 51 - 2;97
Greninja;Gholdengo Lunatone;45,96;125 - 147 - 9;281
Greninja;Flareon Noctowl;45,71;16 - 19 - 0;35
Greninja;Dragapult Charizard;44,74;34 - 42 - 0;76
Greninja;Dragapult Dusknoir;43,26;167 - 219 - 5;391
Greninja;Tera Box;38,46;15 - 24 - 1;40
Greninja;Gardevoir Jellicent;36,73;54 - 93 - 1;148
Greninja;Gardevoir;32,79;40 - 82 - 3;125
Mega Venusaur;Sharpedo Toxtricity;68,89;31 - 14 - 0;45
Mega Venusaur;N's Zoroark;68,03;83 - 39 - 0;122
Mega Venusaur;Grimmsnarl Froslass;62,71;74 - 44 - 4;122
Mega Venusaur;Mega Absol Box;60,58;63 - 41 - 1;105
Mega Venusaur;Kangaskhan Bouffalant;57,43;58 - 43 - 3;104
Mega Venusaur;Tera Box;52,0;26 - 24 - 0;50
Mega Venusaur;Mega Venusaur;50,0;40 - 40 - 0;80
Mega Venusaur;Greninja;47,37;18 - 20 - 0;38
Mega Venusaur;Charizard Noctowl;47,24;77 - 86 - 2;165
Mega Venusaur;Dragapult Charizard;45,28;24 - 29 - 2;55
Mega Venusaur;Charizard Pidgeot;44,88;57 - 70 - 2;129
Mega Venusaur;Dragapult Dusknoir;41,78;155 - 216 - 9;380
Mega Venusaur;Alakazam Dudunsparce;40,43;57 - 84 - 2;143
Mega Venusaur;Gardevoir;40,3;27 - 40 - 4;71
Mega Venusaur;Gholdengo Lunatone;39,55;106 - 162 - 6;274
Mega Venusaur;Raging Bolt Ogerpon;38,46;30 - 48 - 1;79
Mega Venusaur;Lopunny Dusknoir;34,29;24 - 46 - 0;70
Mega Venusaur;Gardevoir Jellicent;33,82;46 - 90 - 3;139
Mega Venusaur;Flareon Noctowl;31,71;13 - 28 - 0;41
Mega Venusaur;Ceruledge;24,36;19 - 59 - 2;80
